Model,Customer,Standard,Application,Location,Month,FCST_Q'ty,FCST_ASP,FCST_AMT,PLAN_Q'ty,PLAN_ASP,PLAN_AMT
MTV301AQR,KEYSTONE,MTV,MTV,T,Feb-26,0,0,0,149.5,0.2322,34.713899999999995
MTV301AQR,KEYSTONE,MTV,MTV,T,Mar-26,149.5,0.2322,1,0,0,0
MTV301AQR,KEYSTONE,MTV,MTV,T,Apr-26,0,0,0,149.5,0.2322,34.713899999999995
MTV301AQR,KEYSTONE,MTV,MTV,T,Jun-26,149.5,0.2322,34.713899999999995,149.5,0.2322,34.713899999999995
MTV301AQR,KEYSTONE,MTV,MTV,T,Aug-26,149.5,0.2322,34.713899999999995,149.5,0.2322,34.713899999999995
MTV301AQR,KEYSTONE,MTV,MTV,T,Oct-26,0,0,0,299,0.2322,69.42779999999999
MTV301AQR,KEYSTONE,MTV,MTV,T,Feb-27,149.5,0.2322,34.713899999999995,149.5,0.2322,34.713899999999995
MTV301AQR,KEYSTONE,MTV,MTV,T,Apr-27,0,0,0,149.5,0.2322,34.713899999999995
MTV301AQR,KEYSTONE,MTV,MTV,T,Jun-27,149.5,0.2322,34.713899999999995,149.5,0.2322,34.713899999999995
MTV301AQR,KEYSTONE,MTV,MTV,T,Aug-27,149.5,0.2322,34.713899999999995,149.5,0.2322,34.713899999999995
MTV301AQR,KEYSTONE,MTV,MTV,T,Oct-27,0,0,0,299,0.2322,69.42779999999999
MTV301AQR,KEYSTONE,MTV,MTV,T,Jan-26,123,0.5,0,0,0,0
MTV301 (Handling fee),KEYSTONE,MTV,MTV,T,Feb-26,0,0,0,0.001,1000,1
MTV301 (Handling fee),KEYSTONE,MTV,MTV,T,Mar-26,0.001,1000,1,0,0,0
MTV301 (Handling fee),KEYSTONE,MTV,MTV,T,Apr-26,0,0,0,0.001,1000,1
MTV301 (Handling fee),KEYSTONE,MTV,MTV,T,Jun-26,0.001,1000,1,0.001,1000,1
MTV301 (Handling fee),KEYSTONE,MTV,MTV,T,Aug-26,0.001,1000,1,0.001,1000,1
MTV301 (Handling fee),KEYSTONE,MTV,MTV,T,Oct-26,0,0,0,0.002,1000,2
MTV301 (Handling fee),KEYSTONE,MTV,MTV,T,Feb-27,0.001,1000,1,0.001,1000,1
MTV301 (Handling fee),KEYSTONE,MTV,MTV,T,Apr-27,0,0,0,0.001,1000,1
MTV301 (Handling fee),KEYSTONE,MTV,MTV,T,Jun-27,0.001,1000,1,0.001,1000,1
MTV301 (Handling fee),KEYSTONE,MTV,MTV,T,Aug-27,0.001,1000,1,0.001,1000,1
MTV301 (Handling fee),KEYSTONE,MTV,MTV,T,Oct-27,0,0,0,0.002,1000,2
MTV301CQR,KAGA DEVICE (JVC),MTV,MTV,J,Jun-26,38,0.926,35.188,142,0.926,131.49200000000002
MTV301CQR,KAGA DEVICE (JVC),MTV,MTV,J,Dec-26,40,0.926,37.04,0,0,0
MTV301CQR,KAGA DEVICE (JVC),MTV,MTV,J,Jun-27,38,0.926,35.188,142,0.926,131.49200000000002
MTV301CQR,KAGA DEVICE (JVC),MTV,MTV,J,Dec-27,40,0.926,37.04,0,0,0
MTV818GQRCE,EKONG,MTV,MTV,C,Feb-26,0,0,0,100,0.987,98.7
MTV818GQRCE,EKONG,MTV,MTV,C,Mar-26,0,0,0,100,0.987,98.7
MTV818GQRCE,EKONG,MTV,MTV,C,Apr-26,80,0.987,78.96,100,0.987,98.7
MTV818GQRCE,EKONG,MTV,MTV,C,May-26,80,0.987,78.96,100,0.987,98.7
MTV818GQRCE,EKONG,MTV,MTV,C,Jun-26,80,0.987,78.96,100,0.987,98.7
MTV818GQRCE,EKONG,MTV,MTV,C,Jul-26,80,0.987,78.96,100,0.987,98.7
MTV818GQRCE,EKONG,MTV,MTV,C,Aug-26,80,0.987,78.96,100,0.987,98.7
MTV818GQRCE,EKONG,MTV,MTV,C,Sep-26,80,0.987,78.96,100,0.987,98.7
MTV818GQRCE,EKONG,MTV,MTV,C,Oct-26,80,0.987,78.96,100,0.987,98.7
MTV818GQRCE,EKONG,MTV,MTV,C,Nov-26,80,0.987,78.96,100,0.987,98.7
MTV818GQRCE,EKONG,MTV,MTV,C,Dec-26,80,0.987,78.96,100,0.987,98.7
MTV818GQRCE,EKONG,MTV,MTV,C,Jan-27,80,0.987,78.96,0,0,0
MTV818GQRCE,EKONG,MTV,MTV,C,Feb-27,80,0.987,78.96,100,0.987,98.7
MTV818GQRCE,EKONG,MTV,MTV,C,Mar-27,80,0.987,78.96,100,0.987,98.7
MTV818GQRCE,EKONG,MTV,MTV,C,Apr-27,80,0.987,78.96,100,0.987,98.7
MTV818GQRCE,EKONG,MTV,MTV,C,May-27,80,0.987,78.96,100,0.987,98.7
MTV818GQRCE,EKONG,MTV,MTV,C,Jun-27,80,0.987,78.96,100,0.987,98.7
MTV818GQRCE,EKONG,MTV,MTV,C,Jul-27,80,0.987,78.96,100,0.987,98.7
MTV818GQRCE,EKONG,MTV,MTV,C,Aug-27,80,0.987,78.96,100,0.987,98.7
MTV818GQRCE,EKONG,MTV,MTV,C,Sep-27,80,0.987,78.96,100,0.987,98.7
MTV818GQRCE,EKONG,MTV,MTV,C,Oct-27,80,0.987,78.96,100,0.987,98.7
MTV818GQRCE,EKONG,MTV,MTV,C,Nov-27,80,0.987,78.96,100,0.987,98.7
MTV818GQRCE,EKONG,MTV,MTV,C,Dec-27,80,0.987,78.96,100,0.987,98.7
MTV318D,KRM (TAMUL/PNP),MTV,MTV,K,May-26,0,0,0,175,1.016,177.8
MTV318D,KRM (TAMUL/PNP),MTV,MTV,K,Sep-26,0,0,0,175,1.016,177.8
MTV318D,KRM (TAMUL/PNP),MTV,MTV,K,Dec-26,0,0,0,175,1.016,177.8
MTV318D,KRM (TAMUL/PNP),MTV,MTV,K,May-27,0,0,0,175,1.016,177.8
MTV318D,KRM (TAMUL/PNP),MTV,MTV,K,Sep-27,0,0,0,175,1.016,177.8
MTV318D,KRM (TAMUL/PNP),MTV,MTV,K,Dec-27,175,1.016,177.8,175,1.016,177.8
MN88553,MINGLAN (CNOVO),MTV,MTV,C,Jan-26,10,0.7,7,10,0.7,7
MN88553,MINGLAN (CNOVO),MTV,MTV,C,Jun-26,10,0.7,7,10,0.7,7
MN88553,MINGLAN (CNOVO),MTV,MTV,C,Sep-26,10,0.7,7,10,0.7,7
MN88553,MINGLAN (CNOVO),MTV,MTV,C,Dec-26,10,0.7,7,10,0.7,7
MN88553,MINGLAN (CNOVO),MTV,MTV,C,Jan-27,10,0.7,7,10,0.7,7
MN88553,MINGLAN (CNOVO),MTV,MTV,C,Jun-27,10,0.7,7,10,0.7,7
MN88553,MINGLAN (CNOVO),MTV,MTV,C,Sep-27,10,0.7,7,10,0.7,7
MN88553,MINGLAN (CNOVO),MTV,MTV,C,Dec-27,10,0.7,7,10,0.7,7
MN88553,HAIFEI (TMAV),MTV,MTV,C,Jan-26,50,0.35,17.5,50,0.35,17.5
MN88553,HAIFEI (TMAV),MTV,MTV,C,Apr-26,50,0.35,17.5,0,0,0
MN88553,HAIFEI (TMAV),MTV,MTV,C,Jul-26,0,0,0,50,0.35,17.5
MN88553,HAIFEI (TMAV),MTV,MTV,C,Oct-26,50,0.35,17.5,0,0,0
MN88553,HAIFEI (TMAV),MTV,MTV,C,Jan-27,0,0,0,50,0.35,17.5
MN88553,HAIFEI (TMAV),MTV,MTV,C,Jul-27,50,0.35,17.5,50,0.35,17.5
RDP250HCAT,HAIFEI (RAYPAI),LCoS (Amplitude),AR/HMD,C,Mar-26,0,0,0,1,25,25
RDP250HCAT,HAIFEI (RAYPAI),LCoS (Amplitude),AR/HMD,C,Jun-26,1,25,25,3,25,75
RDP250HCAT,HAIFEI (RAYPAI),LCoS (Amplitude),AR/HMD,C,Aug-26,2,25,50,3,25,75
RDP250HCAT,HAIFEI (RAYPAI),LCoS (Amplitude),AR/HMD,C,Oct-26,2,25,50,3,25,75
RDP250HCAT,HAIFEI (RAYPAI),LCoS (Amplitude),AR/HMD,C,Dec-26,2,25,50,3,25,75
RDP250HCAT,HAIFEI (RAYPAI),LCoS (Amplitude),AR/HMD,C,Feb-27,2,25,50,0,0,0
RDP250HCAT,HAIFEI (RAYPAI),LCoS (Amplitude),AR/HMD,C,Mar-27,1,25,25,1,25,25
RDP250HCAT,HAIFEI (RAYPAI),LCoS (Amplitude),AR/HMD,C,Jun-27,2,25,50,3,25,75
RDP250HCAT,HAIFEI (RAYPAI),LCoS (Amplitude),AR/HMD,C,Aug-27,2,25,50,3,25,75
RDP250HCAT,HAIFEI (RAYPAI),LCoS (Amplitude),AR/HMD,C,Oct-27,2,25,50,3,25,75
RDP250HCAT,HAIFEI (RAYPAI),LCoS (Amplitude),AR/HMD,C,Dec-27,2,25,50,3,25,75
RDP250HCAT,VILLON (GOERTEK),LCoS (Amplitude),AR/HMD,C,May-26,0,0,0,0.5,25,12.5
RDP250HCAT,VILLON (GOERTEK),LCoS (Amplitude),AR/HMD,C,Sep-26,0,0,0,1,28,28
RDP250HCAT,VILLON (GOERTEK),LCoS (Amplitude),AR/HMD,C,Dec-26,0,0,0,1,28,28
RDP250HCAT,VILLON (GOERTEK),LCoS (Amplitude),AR/HMD,C,May-27,0,0,0,0.5,25,12.5
RDP250HCAT,VILLON (GOERTEK),LCoS (Amplitude),AR/HMD,C,Sep-27,0,0,0,1,28,28
RDP250HCAT,VILLON (GOERTEK),LCoS (Amplitude),AR/HMD,C,Dec-27,0,0,0,1,28,28
RDP250HCAT,VILLON (GOERTEK),LCoS (Amplitude),AR/HMD,C,Feb-26,1,0,100.456,0,0,0
RDP250HCAT,HAIFEI (APPOTRONICS),LCoS (Amplitude),AR/HMD,C,Mar-26,0,0,0,1,25,25
RDP250HCAT,HAIFEI (APPOTRONICS),LCoS (Amplitude),AR/HMD,C,Jun-26,1,25,25,1,25,25
RDP250HCAT,HAIFEI (APPOTRONICS),LCoS (Amplitude),AR/HMD,C,Sep-26,1,25,25,2,25,50
RDP250HCAT,HAIFEI (APPOTRONICS),LCoS (Amplitude),AR/HMD,C,Dec-26,1,25,25,2,25,50
RDP250HCAT,HAIFEI (APPOTRONICS),LCoS (Amplitude),AR/HMD,C,Mar-27,1,25,25,1,25,25
RDP250HCAT,HAIFEI (APPOTRONICS),LCoS (Amplitude),AR/HMD,C,Jun-27,1,25,25,1,25,25
RDP250HCAT,HAIFEI (APPOTRONICS),LCoS (Amplitude),AR/HMD,C,Sep-27,1,25,25,2,25,50
RDP250HCAT,HAIFEI (APPOTRONICS),LCoS (Amplitude),AR/HMD,C,Dec-27,1,25,25,2,25,50
RDP250HCAT,AVEGANT,LCoS (Amplitude),AR/HMD,US,Jan-26,1,28,28,1,28,28
RDP250HCAT,AVEGANT,LCoS (Amplitude),AR/HMD,US,Feb-26,0,0,0,1,28,28
RDP250HCAT,AVEGANT,LCoS (Amplitude),AR/HMD,US,Mar-26,1,28,28,0,0,0
RDP250HCAT,AVEGANT,LCoS (Amplitude),AR/HMD,US,Apr-26,1,28,28,1.2,28,33.6
RDP250HCAT,AVEGANT,LCoS (Amplitude),AR/HMD,US,May-26,1,28,28,1.2,28,33.6
RDP250HCAT,AVEGANT,LCoS (Amplitude),AR/HMD,US,Jun-26,0,0,0,1.2,28,33.6
RDP250HCAT,AVEGANT,LCoS (Amplitude),AR/HMD,US,Jul-26,1,28,28,2,28,56
RDP250HCAT,AVEGANT,LCoS (Amplitude),AR/HMD,US,Aug-26,1.5,28,42,2,28,56
RDP250HCAT,AVEGANT,LCoS (Amplitude),AR/HMD,US,Sep-26,0,0,0,2,28,56
RDP250HCAT,AVEGANT,LCoS (Amplitude),AR/HMD,US,Oct-26,1.5,28,42,5,28,140
RDP250HCAT,AVEGANT,LCoS (Amplitude),AR/HMD,US,Nov-26,1.5,28,42,5,28,140
RDP250HCAT,AVEGANT,LCoS (Amplitude),AR/HMD,US,Dec-26,2,28,56,5,28,140
RDP250HCAT,AVEGANT,LCoS (Amplitude),AR/HMD,US,Jan-27,2,28,56,0,0,0
RDP250HCAT,AVEGANT,LCoS (Amplitude),AR/HMD,US,Feb-27,2,28,56,1,28,28
RDP250HCAT,AVEGANT,LCoS (Amplitude),AR/HMD,US,Apr-27,1.2,28,33.6,1,28,28
RDP250HCAT,AVEGANT,LCoS (Amplitude),AR/HMD,US,May-27,1.2,28,33.6,2,28,56
RDP250HCAT,AVEGANT,LCoS (Amplitude),AR/HMD,US,Jun-27,1.2,28,33.6,3,28,84
RDP250HCAT,AVEGANT,LCoS (Amplitude),AR/HMD,US,Jul-27,2,28,56,8,28,224
RDP250HCAT,AVEGANT,LCoS (Amplitude),AR/HMD,US,Aug-27,2,28,56,8,28,224
RDP250HCAT,AVEGANT,LCoS (Amplitude),AR/HMD,US,Sep-27,2,28,56,8,28,224
RDP250HCAT,AVEGANT,LCoS (Amplitude),AR/HMD,US,Oct-27,2.5,28,70,0,0,0
RDP250HCAT,AVEGANT,LCoS (Amplitude),AR/HMD,US,Nov-27,2.5,28,70,0,0,0
RDP250HCAT,AVEGANT,LCoS (Amplitude),AR/HMD,US,Dec-27,2.5,28,70,0,0,0
RDP250HCAT,DIGILENS,LCoS (Amplitude),AR/HMD,US,Apr-26,0,0,0,2,29,58
RDP250HCAT,DIGILENS,LCoS (Amplitude),AR/HMD,US,Jun-26,2,29,58,0,0,0
RDP250HCAT,DIGILENS,LCoS (Amplitude),AR/HMD,US,Sep-26,0,0,0,4,29,116
RDP250HCAT,DIGILENS,LCoS (Amplitude),AR/HMD,US,Mar-27,2,29,58,0,0,0
RDP250HCAT,DIGILENS,LCoS (Amplitude),AR/HMD,US,Apr-27,0,0,0,2,29,58
RDP250HCAT,DIGILENS,LCoS (Amplitude),AR/HMD,US,Sep-27,0,0,0,4,29,116
RDP250HCAT,HAIFEI (PHENIX OPTICS),LCoS (Amplitude),AR/HMD,C,Sep-26,0,0,0,0.5,42,21
RDP250HCAT,HAIFEI (PHENIX OPTICS),LCoS (Amplitude),AR/HMD,C,Sep-27,0,0,0,0.5,42,21
RDP250HCAT,HAIFEI (OPTOWIDE),LCoS (Amplitude),AR/HMD,C,Apr-26,1,25.5,25.5,1,25.5,25.5
RDP250HCAT,HAIFEI (OPTOWIDE),LCoS (Amplitude),AR/HMD,C,Sep-26,1,25.5,25.5,1,25.5,25.5
RDP250HCAT,HAIFEI (OPTOWIDE),LCoS (Amplitude),AR/HMD,C,Dec-26,0,0,0,1,25.5,25.5
RDP250HCAT,HAIFEI (OPTOWIDE),LCoS (Amplitude),AR/HMD,C,Apr-27,1,25.5,25.5,1,25.5,25.5
RDP250HCAT,HAIFEI (OPTOWIDE),LCoS (Amplitude),AR/HMD,C,Sep-27,1,25.5,25.5,1,25.5,25.5
RDP250HCAT,HAIFEI (OPTOWIDE),LCoS (Amplitude),AR/HMD,C,Dec-27,0,0,0,1,25.5,25.5
RDP250HCAT,QUANTA,LCoS (Amplitude),AR/HMD,T,Feb-26,0,0,0,1,28,28
RDP250HCAT,QUANTA,LCoS (Amplitude),AR/HMD,T,Mar-26,0,0,0,1,28,28
RDP250HCAT,QUANTA,LCoS (Amplitude),AR/HMD,T,Apr-26,0.5,28,14,1,28,28
RDP250HCAT,QUANTA,LCoS (Amplitude),AR/HMD,T,May-26,0,0,0,1,29,29
RDP250HCAT,QUANTA,LCoS (Amplitude),AR/HMD,T,Jun-26,0.5,28,14,0,0,0
RDP250HCAT,QUANTA,LCoS (Amplitude),AR/HMD,T,Jul-26,0,0,0,2,29,58
RDP250HCAT,QUANTA,LCoS (Amplitude),AR/HMD,T,Sep-26,1,28,28,2,29,58
RDP250HCAT,QUANTA,LCoS (Amplitude),AR/HMD,T,Nov-26,0,0,0,2,28,56
RDP250HCAT,QUANTA,LCoS (Amplitude),AR/HMD,T,Dec-26,1,28,28,0,0,0
RDP250HCAT,QUANTA,LCoS (Amplitude),AR/HMD,T,Feb-27,1,28,28,1,28,28
RDP250HCAT,QUANTA,LCoS (Amplitude),AR/HMD,T,Mar-27,1,28,28,1,28,28
RDP250HCAT,QUANTA,LCoS (Amplitude),AR/HMD,T,Apr-27,1,28,28,1,28,28
RDP250HCAT,QUANTA,LCoS (Amplitude),AR/HMD,T,May-27,1.03,28,28.84,1,29,29
RDP250HCAT,QUANTA,LCoS (Amplitude),AR/HMD,T,Jul-27,0,0,0,2,29,58
RDP250HCAT,QUANTA,LCoS (Amplitude),AR/HMD,T,Sep-27,0,0,0,2,29,58
RDP250HCAT,QUANTA,LCoS (Amplitude),AR/HMD,T,Nov-27,0,0,0,2,28,56
RDP250HCAT,HAIFEI (SEEYOND),LCoS (Amplitude),AR/HMD,C,Jun-26,0,0,0,1,25.5,25.5
RDP250HCAT,HAIFEI (SEEYOND),LCoS (Amplitude),AR/HMD,C,Sep-26,0.5,25.5,12.75,1,25.5,25.5
RDP250HCAT,HAIFEI (SEEYOND),LCoS (Amplitude),AR/HMD,C,Jun-27,0.5,25.5,12.75,1,25.5,25.5
RDP250HCAT,HAIFEI (SEEYOND),LCoS (Amplitude),AR/HMD,C,Sep-27,0.5,25.5,12.75,1,25.5,25.5
RDP250HCAT,SMITH DISPLAYS,LCoS (Amplitude),AR/HMD,EU,Jan-26,0.006,40,0.24,0,0,0
RDP250HCAT,China Others,LCoS (Amplitude),AR/HMD,C,Jan-26,0,0,0,1,25,25
RDP250HCAT,China Others,LCoS (Amplitude),AR/HMD,C,Mar-26,0,0,0,1,25,25
RDP250HCAT,China Others,LCoS (Amplitude),AR/HMD,C,May-26,1,25,25,1,25,25
RDP250HCAT,China Others,LCoS (Amplitude),AR/HMD,C,Jul-26,1,25,25,1,25,25
RDP250HCAT,China Others,LCoS (Amplitude),AR/HMD,C,Sep-26,1,25,25,1,25,25
RDP250HCAT,China Others,LCoS (Amplitude),AR/HMD,C,Nov-26,1,25,25,1,25,25
RDP250HCAT,China Others,LCoS (Amplitude),AR/HMD,C,Jan-27,1,25,25,1,25,25
RDP250HCAT,China Others,LCoS (Amplitude),AR/HMD,C,Mar-27,1,25,25,1,25,25
RDP250HCAT,China Others,LCoS (Amplitude),AR/HMD,C,May-27,1,25,25,1,25,25
RDP250HCAT,China Others,LCoS (Amplitude),AR/HMD,C,Jul-27,1,25,25,1,25,25
RDP250HCAT,China Others,LCoS (Amplitude),AR/HMD,C,Sep-27,1,25,25,1,25,25
RDP250HCAT,China Others,LCoS (Amplitude),AR/HMD,C,Nov-27,1,25,25,0,0,0
RDP180XP,PLAYNITRIDE,microLED,AR/HMD,T,Sep-26,0,0,0,0.025,6800,170
RDP180XP,PLAYNITRIDE,microLED,AR/HMD,T,May-27,0,0,0,0.025,6800,170
RDP370FCATH,"China Others ",LCoS (Amplitude),AR/HMD,C,Mar-26,0,0,0,1,31.5,31.5
RDP370FCATH,"China Others ",LCoS (Amplitude),AR/HMD,C,Jun-26,0.5,31.5,15.75,1,31.5,31.5
RDP370FCATH,"China Others ",LCoS (Amplitude),AR/HMD,C,Sep-26,0.5,31.5,15.75,0.5,31.5,15.75
RDP370FCATH,"China Others ",LCoS (Amplitude),AR/HMD,C,Dec-26,0.5,31.5,15.75,0,0,0
RDP370FCATH,"China Others ",LCoS (Amplitude),AR/HMD,C,Mar-27,0.5,31.5,15.75,1,31.5,31.5
RDP370FCATH,"China Others ",LCoS (Amplitude),AR/HMD,C,Jun-27,0.5,31.5,15.75,1,31.5,31.5
RDP370FCATH,"China Others ",LCoS (Amplitude),AR/HMD,C,Sep-27,0.5,31.5,15.75,0.5,31.5,15.75
RDP370FCATH,"China Others ",LCoS (Amplitude),AR/HMD,C,Dec-27,0.5,31.5,15.75,0,0,0
RDP370FCATH,HAIFEI (RAYPAI),LCoS (Amplitude),AR/HMD,C,Apr-26,0.5,31.5,15.75,1,31.5,31.5
RDP370FCATH,HAIFEI (RAYPAI),LCoS (Amplitude),AR/HMD,C,Aug-26,0.5,31.5,15.75,1,31.5,31.5
RDP370FCATH,HAIFEI (RAYPAI),LCoS (Amplitude),AR/HMD,C,Dec-26,0.5,31.5,15.75,1,31.5,31.5
RDP370FCATH,HAIFEI (RAYPAI),LCoS (Amplitude),AR/HMD,C,Apr-27,0.5,31.5,15.75,1,31.5,31.5
RDP370FCATH,HAIFEI (RAYPAI),LCoS (Amplitude),AR/HMD,C,Aug-27,0.5,31.5,15.75,1,31.5,31.5
RDP370FCATH,HAIFEI (RAYPAI),LCoS (Amplitude),AR/HMD,C,Dec-27,0.5,31.5,15.75,1,31.5,31.5
RDP370FCATH,VILLON (GOERTEK),LCoS (Amplitude),AR/HMD,C,May-26,0.5,42,21,0.5,42,21
RDP370FCATH,VILLON (GOERTEK),LCoS (Amplitude),AR/HMD,C,Aug-26,0,0,0,1,42,42
RDP370FCATH,VILLON (GOERTEK),LCoS (Amplitude),AR/HMD,C,Dec-26,0,0,0,1,42,42
RDP370FCATH,VILLON (GOERTEK),LCoS (Amplitude),AR/HMD,C,May-27,0.5,42,21,0.5,42,21
RDP370FCATH,VILLON (GOERTEK),LCoS (Amplitude),AR/HMD,C,Aug-27,0,0,0,1,42,42
RDP370FCATH,VILLON (GOERTEK),LCoS (Amplitude),AR/HMD,C,Dec-27,0,0,0,1,42,42
RDP370FCATH,META,LCoS (Amplitude),AR/HMD,US,Mar-26,0.016,84,1.344,0,0,0
RDP370FCATH,HAIFEI (OPTOWIDE),LCoS (Amplitude),AR/HMD,C,May-26,0.5,31.5,15.75,1,31.5,0
RDP370FCATH,HAIFEI (OPTOWIDE),LCoS (Amplitude),AR/HMD,C,Oct-26,0.5,31.5,15.75,1,31.5,31.5
RDP370FCATH,HAIFEI (OPTOWIDE),LCoS (Amplitude),AR/HMD,C,May-27,0.5,31.5,15.75,1,31.5,0
RDP370FCATH,HAIFEI (OPTOWIDE),LCoS (Amplitude),AR/HMD,C,Oct-27,0.5,31.5,15.75,1,31.5,31.5
RDC200AAWR,QUANTA,LCoS (Amplitude),AR/HMD,T,Jan-26,1,11,11,1,11,11
RDC200AAWR,QUANTA,LCoS (Amplitude),AR/HMD,T,Mar-26,0,0,0,1,11,11
RDC200AAWR,QUANTA,LCoS (Amplitude),AR/HMD,T,Jun-26,1,11,11,2,11,22
RDC200AAWR,QUANTA,LCoS (Amplitude),AR/HMD,T,Aug-26,0,0,0,2,11,22
RDC200AAWR,QUANTA,LCoS (Amplitude),AR/HMD,T,Oct-26,0,0,0,2,11,22
RDC200AAWR,QUANTA,LCoS (Amplitude),AR/HMD,T,Dec-26,1,11,11,2,11,22
RDC200AAWR,QUANTA,LCoS (Amplitude),AR/HMD,T,Jan-27,0,0,0,1,11,11
RDC200AAWR,QUANTA,LCoS (Amplitude),AR/HMD,T,Mar-27,0,0,0,1,11,11
RDC200AAWR,QUANTA,LCoS (Amplitude),AR/HMD,T,Jun-27,1,11,11,2,11,22
RDC200AAWR,QUANTA,LCoS (Amplitude),AR/HMD,T,Aug-27,0,0,0,2,11,22
RDC200AAWR,QUANTA,LCoS (Amplitude),AR/HMD,T,Oct-27,0,0,0,2,11,22
RDC200AAWR,QUANTA,LCoS (Amplitude),AR/HMD,T,Dec-27,1,11,11,2,11,22
RDC200AAWR,HAIFEI (GEDING),LCoS (Amplitude),AR/HMD,C,Apr-26,0,0,0,1,8.5,8.5
RDC200AAWR,HAIFEI (GEDING),LCoS (Amplitude),AR/HMD,C,Oct-26,1,8.5,8.5,1,8.5,8.5
RDC200AAWR,HAIFEI (GEDING),LCoS (Amplitude),AR/HMD,C,Apr-27,0,0,0,1,8.5,8.5
RDC200AAWR,HAIFEI (GEDING),LCoS (Amplitude),AR/HMD,C,Oct-27,1,8.5,8.5,1,8.5,8.5
RDC200AAWR,HALION,LCoS (Amplitude),AR/HMD,C,Mar-26,0.01,33,0.33,0,0,0
RDC200AAWR,JVC KENWOOD,LCoS (Phase),TELECOM,J,Jul-26,0,0,0,10,11,110
RDC200AAWR,JVC KENWOOD,LCoS (Phase),TELECOM,J,Jul-27,0,0,0,10,11,110
RDC200AAWR,MEDITHINQ,LCoS (Amplitude),AR/HMD,K,Mar-26,0,0,0,0.2,17,3.4000000000000004
RDC200AAWR,MEDITHINQ,LCoS (Amplitude),AR/HMD,K,May-26,0,0,0,0.2,17,3.4000000000000004
RDC200AAWR,MEDITHINQ,LCoS (Amplitude),AR/HMD,K,Jun-26,0.2,17,3.4000000000000004,0.3,17,5.1
RDC200AAWR,MEDITHINQ,LCoS (Amplitude),AR/HMD,K,Aug-26,0.2,17,3.4000000000000004,0.3,17,5.1
RDC200AAWR,MEDITHINQ,LCoS (Amplitude),AR/HMD,K,Nov-26,0.2,17,3.4000000000000004,0,0,0
RDC200AAWR,MEDITHINQ,LCoS (Amplitude),AR/HMD,K,Mar-27,0,0,0,0.2,17,3.4000000000000004
RDC200AAWR,MEDITHINQ,LCoS (Amplitude),AR/HMD,K,May-27,0.2,17,3.4000000000000004,0.2,17,3.4000000000000004
RDC200AAWR,MEDITHINQ,LCoS (Amplitude),AR/HMD,K,Jun-27,0,0,0,0.3,17,5.1
RDC200AAWR,MEDITHINQ,LCoS (Amplitude),AR/HMD,K,Aug-27,0.2,17,3.4000000000000004,0.3,17,5.1
RDC200AAWR,MEDITHINQ,LCoS (Amplitude),AR/HMD,K,Nov-27,0.2,17,3.4000000000000004,0,0,0
RDC200AAWR,AVEGANT,LCoS (Amplitude),AR/HMD,US,Feb-26,0,0,0,1,11,11
RDC200AAWR,AVEGANT,LCoS (Amplitude),AR/HMD,US,Apr-26,1,11,11,1,11,11
RDC200AAWR,AVEGANT,LCoS (Amplitude),AR/HMD,US,May-26,1,11,11,2,11,22
RDC200AAWR,AVEGANT,LCoS (Amplitude),AR/HMD,US,Jun-26,0,0,0,3,11,33
RDC200AAWR,AVEGANT,LCoS (Amplitude),AR/HMD,US,Jul-26,1,11,11,8,11,88
RDC200AAWR,AVEGANT,LCoS (Amplitude),AR/HMD,US,Aug-26,1.5,11,16.5,8,11,88
RDC200AAWR,AVEGANT,LCoS (Amplitude),AR/HMD,US,Sep-26,0,0,0,8,11,88
RDC200AAWR,AVEGANT,LCoS (Amplitude),AR/HMD,US,Oct-26,1.5,11,16.5,0,0,0
RDC200AAWR,AVEGANT,LCoS (Amplitude),AR/HMD,US,Nov-26,1.5,11,16.5,0,0,0
RDC200AAWR,AVEGANT,LCoS (Amplitude),AR/HMD,US,Dec-26,2,11,22,0,0,0
RDC200AAWR,AVEGANT,LCoS (Amplitude),AR/HMD,US,Jan-27,2,11,22,0,0,0
RDC200AAWR,AVEGANT,LCoS (Amplitude),AR/HMD,US,Feb-27,2,11,22,1,11,11
RDC200AAWR,AVEGANT,LCoS (Amplitude),AR/HMD,US,Apr-27,1.2,11,13.2,1,11,11
RDC200AAWR,AVEGANT,LCoS (Amplitude),AR/HMD,US,May-27,1.2,11,13.2,2,11,22
RDC200AAWR,AVEGANT,LCoS (Amplitude),AR/HMD,US,Jun-27,1.2,11,13.2,3,11,33
RDC200AAWR,AVEGANT,LCoS (Amplitude),AR/HMD,US,Jul-27,2,11,22,8,11,88
RDC200AAWR,AVEGANT,LCoS (Amplitude),AR/HMD,US,Aug-27,2,11,22,8,11,88
RDC200AAWR,AVEGANT,LCoS (Amplitude),AR/HMD,US,Sep-27,2,11,22,8,11,88
RDC200AAWR,AVEGANT,LCoS (Amplitude),AR/HMD,US,Oct-27,2.5,11,27.5,0,0,0
RDC200AAWR,AVEGANT,LCoS (Amplitude),AR/HMD,US,Nov-27,2.5,11,27.5,0,0,0
RDC200AAWR,AVEGANT,LCoS (Amplitude),AR/HMD,US,Dec-27,2.5,11,27.5,0,0,0
RDC200AAWR,China Others,LCoS (Amplitude),AR/HMD,C,Mar-26,0,0,0,2,11,22
RDC200AAWR,China Others,LCoS (Amplitude),AR/HMD,C,Jun-26,1,11,11,2,11,22
RDC200AAWR,China Others,LCoS (Amplitude),AR/HMD,C,Sep-26,1,11,11,2,11,22
RDC200AAWR,China Others,LCoS (Amplitude),AR/HMD,C,Dec-26,1,11,11,0,0,0
RDC200AAWR,China Others,LCoS (Amplitude),AR/HMD,C,Mar-27,1,11,11,2,11,22
RDC200AAWR,China Others,LCoS (Amplitude),AR/HMD,C,Jun-27,1,11,11,2,11,22
RDC200AAWR,China Others,LCoS (Amplitude),AR/HMD,C,Sep-27,1,11,11,2,11,22
RDC200AAWR,China Others,LCoS (Amplitude),AR/HMD,C,Dec-27,1,11,11,0,0,0
RDC200AAWR,INTERTEK,LCoS (Amplitude),AR/HMD,EU,Jan-26,0.1,17,1.7000000000000002,0,0,0
RDC200AAWR,VILLON (GOERTEK),LCoS (Amplitude),AR/HMD,C,Jul-26,0,0,0,0.5,17,8.5
RDC200AAWR,VILLON (GOERTEK),LCoS (Amplitude),AR/HMD,C,Nov-26,0,0,0,0.5,17,8.5
RDC200AAWR,VILLON (GOERTEK),LCoS (Amplitude),AR/HMD,C,Jul-27,0,0,0,0.5,17,8.5
RDC200AAWR,VILLON (GOERTEK),LCoS (Amplitude),AR/HMD,C,Nov-27,0,0,0,0.5,17,8.5
RDC200AAWR,JORJIN,LCoS (Amplitude),AR/HMD,T,May-26,0,0,0,0.5,11,5.5
RDC200AAWR,JORJIN,LCoS (Amplitude),AR/HMD,T,Sep-26,0,0,0,0.5,11,5.5
RDC200AAWR,JORJIN,LCoS (Amplitude),AR/HMD,T,May-27,0,0,0,0.5,11,5.5
RDC200AAWR,JORJIN,LCoS (Amplitude),AR/HMD,T,Sep-27,0,0,0,0.5,11,5.5
RDC200AAWR,HAIFEI (XIAYU),LCoS (Amplitude),AR/HMD,C,Jan-26,0.2,15,3,0,0,0
RDC200AAWR,HAIFEI (XIAYU),LCoS (Amplitude),AR/HMD,C,Mar-26,0,0,0,1,8.5,8.5
RDC200AAWR,HAIFEI (XIAYU),LCoS (Amplitude),AR/HMD,C,Jul-26,1,8.5,8.5,2,8.5,17
RDC200AAWR,HAIFEI (XIAYU),LCoS (Amplitude),AR/HMD,C,Oct-26,1,8.5,8.5,2,8.5,17
RDC200AAWR,HAIFEI (XIAYU),LCoS (Amplitude),AR/HMD,C,Dec-26,1,8.5,8.5,2,8.5,17
RDC200AAWR,HAIFEI (XIAYU),LCoS (Amplitude),AR/HMD,C,Mar-27,1,8.5,8.5,1,8.5,8.5
RDC200AAWR,HAIFEI (XIAYU),LCoS (Amplitude),AR/HMD,C,Jul-27,1,8.5,8.5,2,8.5,17
RDC200AAWR,HAIFEI (XIAYU),LCoS (Amplitude),AR/HMD,C,Oct-27,1,8.5,8.5,2,8.5,17
RDC200AAWR,HAIFEI (XIAYU),LCoS (Amplitude),AR/HMD,C,Dec-27,1,8.5,8.5,2,8.5,17
RDC400,QUANTA,LCoS (Amplitude),AR/HMD,US,Apr-26,0,0,0,0.2,64,12.8
RDC400,QUANTA,LCoS (Amplitude),AR/HMD,US,Jun-26,0.5,17,8.5,1,64,64
RDC400,QUANTA,LCoS (Amplitude),AR/HMD,US,Aug-26,0,0,0,0.5,33,16.5
RDC400,QUANTA,LCoS (Amplitude),AR/HMD,US,Oct-26,1,11,11,0,0,0
RDC400,QUANTA,LCoS (Amplitude),AR/HMD,US,Feb-27,2,11,22,0,0,0
RDC400,QUANTA,LCoS (Amplitude),AR/HMD,US,Apr-27,0,0,0,0.5,17,8.5
RDC400,QUANTA,LCoS (Amplitude),AR/HMD,US,Jun-27,0,0,0,1,11,11
RDC400,QUANTA,LCoS (Amplitude),AR/HMD,US,Aug-27,0,0,0,1,11,11
RDC400,QUANTA,LCoS (Amplitude),AR/HMD,US,Oct-27,0,0,0,1,11,11
RDC400,QUANTA,LCoS (Amplitude),AR/HMD,US,Dec-27,0,0,0,2,11,22
RDC400,TOTAL,LCoS (Amplitude),AR/HMD,,Jan-26,0,0,0,0.2,64,12.8
RDC400,TOTAL,LCoS (Amplitude),AR/HMD,,Feb-26,0,0,0,0.3,64,19.2
RDC400,TOTAL,LCoS (Amplitude),AR/HMD,,Mar-26,0,0,0,0.2,64,12.8
RDC400,TOTAL,LCoS (Amplitude),AR/HMD,,Apr-26,0.2,64,12.8,0.2,64,12.8
RDC400,TOTAL,LCoS (Amplitude),AR/HMD,,May-26,0.2,64,12.8,0.2,64,12.8
RDC400,TOTAL,LCoS (Amplitude),AR/HMD,,Jun-26,0.2,64,12.8,0.2,64,12.8
RDC400,TOTAL,LCoS (Amplitude),AR/HMD,,Jul-26,0.2,64,12.8,0.2,64,12.8
RDC400,TOTAL,LCoS (Amplitude),AR/HMD,,Aug-26,0.2,64,12.8,0.2,64,12.8
RDC400,TOTAL,LCoS (Amplitude),AR/HMD,,Sep-26,3,64,192,0.2,64,12.8
RDC400,TOTAL,LCoS (Amplitude),AR/HMD,,Oct-26,3,64,192,0.2,64,12.8
RDC400,TOTAL,LCoS (Amplitude),AR/HMD,,Nov-26,3,64,192,0.2,64,12.8
RDC400,TOTAL,LCoS (Amplitude),AR/HMD,,Dec-26,3,64,192,0.2,64,12.8
RDC400,TOTAL,LCoS (Amplitude),AR/HMD,,Jan-27,3,11,33,0.3,80,24
RDC400,TOTAL,LCoS (Amplitude),AR/HMD,,Feb-27,4,64,256,0.3,11,3.3
RDC400,TOTAL,LCoS (Amplitude),AR/HMD,,Mar-27,0.5,64,32,2,11,22
RDC400,TOTAL,LCoS (Amplitude),AR/HMD,,Apr-27,0.5,64,32,2,11,22
RDC400,TOTAL,LCoS (Amplitude),AR/HMD,,May-27,2,11,22,2,11,22
RDC400,TOTAL,LCoS (Amplitude),AR/HMD,,Jun-27,2,11,22,2,11,22
RDC400,TOTAL,LCoS (Amplitude),AR/HMD,,Jul-27,2,11,22,3,11,33
RDC400,TOTAL,LCoS (Amplitude),AR/HMD,,Aug-27,2,11,22,3,11,33
RDC400,TOTAL,LCoS (Amplitude),AR/HMD,,Sep-27,3,11,33,3,11,33
RDC400,TOTAL,LCoS (Amplitude),AR/HMD,,Oct-27,3,11,33,0,0,0
RDC400,TOTAL,LCoS (Amplitude),AR/HMD,,Nov-27,3,11,33,0,0,0
RDC400,TOTAL,LCoS (Amplitude),AR/HMD,,Dec-27,3,11,33,0,0,0
RDC400,HAIFEI (QIUGUO),LCoS (Amplitude),AR/HMD,C,Sep-26,0,0,0,0.2,64,12.8
RDC400,HAIFEI (QIUGUO),LCoS (Amplitude),AR/HMD,C,Mar-27,0,0,0,0.1,17,1.7000000000000002
RDC400,HAIFEI (QIUGUO),LCoS (Amplitude),AR/HMD,C,Sep-27,0,0,0,0.5,17,8.5
RDC400,HAIFEI (GEDING),LCoS (Amplitude),AR/HMD,C,May-26,0,0,0,0.1,64,6.4
RDC400,HAIFEI (GEDING),LCoS (Amplitude),AR/HMD,C,Jun-26,0.1,64,6.4,0,0,0
RDC400,HAIFEI (GEDING),LCoS (Amplitude),AR/HMD,C,Aug-26,0,0,0,0.2,64,12.8
RDC400,HAIFEI (GEDING),LCoS (Amplitude),AR/HMD,C,Nov-26,0.5,64,32,0,0,0
RDC400,HAIFEI (GEDING),LCoS (Amplitude),AR/HMD,C,May-27,0,0,0,0.1,17,1.7000000000000002
RDC400,HAIFEI (GEDING),LCoS (Amplitude),AR/HMD,C,Aug-27,0,0,0,0.5,17,8.5
RDC400,DIGILENS,LCoS (Amplitude),AR/HMD,US,Mar-27,2,30,60,0,0,0
RDC400,DIGILENS,LCoS (Amplitude),AR/HMD,US,Apr-27,0,0,0,2,30,60
RDC400,DIGILENS,LCoS (Amplitude),AR/HMD,US,Sep-27,0,0,0,4,30,120
RDC400,RIVET,LCoS (Amplitude),AR/HMD,US,Mar-26,0,0,0,0.3,64,19.2
RDC400,RIVET,LCoS (Amplitude),AR/HMD,US,Apr-26,0.3,64,19.2,0.3,64,19.2
RDC400,RIVET,LCoS (Amplitude),AR/HMD,US,Jul-26,0,0,0,0.2,64,12.8
RDC400,RIVET,LCoS (Amplitude),AR/HMD,US,Aug-26,0,0,0,0.2,64,12.8
RDC400,RIVET,LCoS (Amplitude),AR/HMD,US,Oct-26,0.2,64,12.8,0,0,0
RDC400,RIVET,LCoS (Amplitude),AR/HMD,US,Apr-27,0,0,0,0.5,50,25
RDC400,RIVET,LCoS (Amplitude),AR/HMD,US,Jul-27,1,50,50,0,0,0
RDC400,RIVET,LCoS (Amplitude),AR/HMD,US,Aug-27,0,0,0,0.8,50,40
RDC400,AVEGANT,LCoS (Amplitude),AR/HMD,US,Mar-26,0.1,64,6.4,0,0,0
RDC400,NF,LCoS (Amplitude),AR/HMD,C,Jul-26,0,0,0,1,11,11
RDC400,NF,LCoS (Amplitude),AR/HMD,C,Aug-26,0,0,0,1,11,11
RDC400,NF,LCoS (Amplitude),AR/HMD,C,Sep-26,0,0,0,2,11,22
RDC400,NF,LCoS (Amplitude),AR/HMD,C,Oct-26,0,0,0,2,11,22
RDC400,NF,LCoS (Amplitude),AR/HMD,C,Nov-26,0,0,0,2,11,22
RDC400,NF,LCoS (Amplitude),AR/HMD,C,Dec-26,0,0,0,2,11,22
RDP551FAFNT,HAIFEI (RAYPAI),LCoS (Amplitude),AR/HMD,C,Jun-26,0,0,0,0.5,68,34
RDP551FAFNT,HAIFEI (RAYPAI),LCoS (Amplitude),AR/HMD,C,Aug-26,0.5,58,29,0,0,0
RDP551FAFNT,HAIFEI (RAYPAI),LCoS (Amplitude),AR/HMD,C,Sep-26,0,0,0,0.5,68,34
RDP551FAFNT,HAIFEI (RAYPAI),LCoS (Amplitude),AR/HMD,C,Dec-26,0,0,0,0.5,68,34
RDP551FAFNT,HAIFEI (RAYPAI),LCoS (Amplitude),AR/HMD,C,Jun-27,0.5,58,29,0.5,68,34
RDP551FAFNT,HAIFEI (RAYPAI),LCoS (Amplitude),AR/HMD,C,Sep-27,0,0,0,0.5,68,34
RDP551FAFNT,HAIFEI (RAYPAI),LCoS (Amplitude),AR/HMD,C,Dec-27,0,0,0,0.5,68,34
RDP551FAFNT,QUANTA,LCoS (Amplitude),AR/HMD,C,Mar-26,0,0,0,0.4,65,26
RDP551FAFNT,QUANTA,LCoS (Amplitude),AR/HMD,C,May-26,0.4,65,26,0.4,65,26
RDP551FAFNT,QUANTA,LCoS (Amplitude),AR/HMD,C,Jun-26,0,0,0,0.4,65,26
RDP551FAFNT,QUANTA,LCoS (Amplitude),AR/HMD,C,Sep-26,0,0,0,0.4,65,26
RDP551FAFNT,QUANTA,LCoS (Amplitude),AR/HMD,C,Oct-26,0.4,65,26,0,0,0
RDP551FAFNT,QUANTA,LCoS (Amplitude),AR/HMD,C,Dec-26,0,0,0,0.4,65,26
RDP551FAFNT,QUANTA,LCoS (Amplitude),AR/HMD,C,Jan-27,0.4,65,26,0,0,0
RDP551FAFNT,QUANTA,LCoS (Amplitude),AR/HMD,C,Mar-27,0.4,65,26,0.4,65,26
RDP551FAFNT,QUANTA,LCoS (Amplitude),AR/HMD,C,May-27,0.4,65,26,0.4,65,26
RDP551FAFNT,QUANTA,LCoS (Amplitude),AR/HMD,C,Jun-27,0.4,65,26,0.4,65,26
RDP551FAFNT,QUANTA,LCoS (Amplitude),AR/HMD,C,Sep-27,0.4,65,26,0.4,65,26
RDP551FAFNT,QUANTA,LCoS (Amplitude),AR/HMD,C,Dec-27,0,0,0,0.4,65,26
RDP551FAFNT,China Others,LCoS (Amplitude),AR/HMD,C,Sep-26,0,0,0,2,68,136
RDP551FAFNT,China Others,LCoS (Amplitude),AR/HMD,C,Sep-27,0,0,0,2,68,136
RDP240X,TOTAL,LCoS (Amplitude),AR/HMD,,Jan-26,0,0,0,0.5,29,14.5
RDP240X,TOTAL,LCoS (Amplitude),AR/HMD,,Feb-26,0,0,0,0.5,29,14.5
RDP240X,TOTAL,LCoS (Amplitude),AR/HMD,,Mar-26,0,0,0,1,29,29
RDP240X,TOTAL,LCoS (Amplitude),AR/HMD,,Apr-26,0.3,80,24,1,29,29
RDP240X,TOTAL,LCoS (Amplitude),AR/HMD,,May-26,1,30,30,1,29,29
RDP240X,TOTAL,LCoS (Amplitude),AR/HMD,,Jun-26,1,30,30,2,29,58
RDP240X,TOTAL,LCoS (Amplitude),AR/HMD,,Jul-26,1,30,30,2,29,58
RDP240X,TOTAL,LCoS (Amplitude),AR/HMD,,Aug-26,2,30,60,2,29,58
RDP240X,TOTAL,LCoS (Amplitude),AR/HMD,,Sep-26,2,30,60,2,29,58
RDP240X,TOTAL,LCoS (Amplitude),AR/HMD,,Oct-26,2,30,60,2,30,60
RDP240X,TOTAL,LCoS (Amplitude),AR/HMD,,Nov-26,3,30,90,3,30,90
RDP240X,TOTAL,LCoS (Amplitude),AR/HMD,,Dec-26,3,30,90,3,30,90
RDP240X,TOTAL,LCoS (Amplitude),AR/HMD,,Jan-27,3,30,90,0.5,29,14.5
RDP240X,TOTAL,LCoS (Amplitude),AR/HMD,,Feb-27,4,80,320,0.5,29,14.5
RDP240X,TOTAL,LCoS (Amplitude),AR/HMD,,Mar-27,0.3,80,24,1,29,29
RDP240X,TOTAL,LCoS (Amplitude),AR/HMD,,Apr-27,0.3,80,24,1,29,29
RDP240X,TOTAL,LCoS (Amplitude),AR/HMD,,May-27,1,30,30,1,29,29
RDP240X,TOTAL,LCoS (Amplitude),AR/HMD,,Jun-27,1,30,30,2,29,58
RDP240X,TOTAL,LCoS (Amplitude),AR/HMD,,Jul-27,1,30,30,2,29,58
RDP240X,TOTAL,LCoS (Amplitude),AR/HMD,,Aug-27,2,30,60,2,29,58
RDP240X,TOTAL,LCoS (Amplitude),AR/HMD,,Sep-27,2,30,60,2,29,58
RDP240X,TOTAL,LCoS (Amplitude),AR/HMD,,Oct-27,3,30,90,0,0,0
RDP240X,TOTAL,LCoS (Amplitude),AR/HMD,,Nov-27,3,30,90,0,0,0
RDP240X,TOTAL,LCoS (Amplitude),AR/HMD,,Dec-27,3,30,90,0,0,0
RDP240X,QUANTA,LCoS (Amplitude),AR/HMD,C,Jan-26,0.3,56.325,16.8975,0.3,64,19.2
RDP240X,QUANTA,LCoS (Amplitude),AR/HMD,C,Feb-26,0,0,0,0.8,56.325,45.06
RDP240X,QUANTA,LCoS (Amplitude),AR/HMD,C,Mar-26,0.578,56.325,32.55585,0.4,56.325,22.53
RDP240X,QUANTA,LCoS (Amplitude),AR/HMD,C,May-26,0,0,0,0.5,64,32
RDP240X,QUANTA,LCoS (Amplitude),AR/HMD,C,Jul-26,0,0,0,1,64,64
RDP240X,QUANTA,LCoS (Amplitude),AR/HMD,C,Sep-26,0,0,0,1,64,64
RDP240X,QUANTA,LCoS (Amplitude),AR/HMD,C,Nov-26,0,0,0,2,64,128
RDP240X,QUANTA,LCoS (Amplitude),AR/HMD,C,Jan-27,0,0,0,0.3,64,19.2
RDP240X,QUANTA,LCoS (Amplitude),AR/HMD,C,Feb-27,0,0,0,0.8,56.325,45.06
RDP240X,QUANTA,LCoS (Amplitude),AR/HMD,C,Mar-27,0.4,56.325,22.53,0,0,0
RDP240X,QUANTA,LCoS (Amplitude),AR/HMD,C,May-27,0,0,0,0.5,64,32
RDP240X,QUANTA,LCoS (Amplitude),AR/HMD,C,Jul-27,0,0,0,1,64,64
RDP240X,QUANTA,LCoS (Amplitude),AR/HMD,C,Sep-27,0,0,0,1,64,64
RDP240X,QUANTA,LCoS (Amplitude),AR/HMD,C,Nov-27,0,0,0,2,64,128
RDP240X,VILLON (GOERTEK),LCoS (Amplitude),AR/HMD,C,Jun-26,0,0,0,0.1,35,3.5
RDP240X,VILLON (GOERTEK),LCoS (Amplitude),AR/HMD,C,Oct-26,0,0,0,0.5,35,17.5
RDP240X,VILLON (GOERTEK),LCoS (Amplitude),AR/HMD,C,Jun-27,0,0,0,0.1,35,3.5
RDP240X,VILLON (GOERTEK),LCoS (Amplitude),AR/HMD,C,Oct-27,0,0,0,0.5,35,17.5
RDP240X,META,LCoS (Amplitude),AR/HMD,US,Jan-26,0.015,100,1.5,0.015,100,1.5
RDP240X,ANDURIL,LCoS (Amplitude),AR/HMD,US,Jan-26,0.05,80,4,0.05,80,4
RDP240X,HAIFEI (GEDING),LCoS (Amplitude),AR/HMD,C,May-26,0,0,0,0.1,70,7
RDP240X,HAIFEI (GEDING),LCoS (Amplitude),AR/HMD,C,Aug-26,0,0,0,0.5,45,0
RDP240X,HAIFEI (GEDING),LCoS (Amplitude),AR/HMD,C,Dec-26,0,0,0,0.5,45,22.5
RDP240X,HAIFEI (GEDING),LCoS (Amplitude),AR/HMD,C,May-27,0,0,0,0.1,70,7
RDP240X,HAIFEI (GEDING),LCoS (Amplitude),AR/HMD,C,Aug-27,0,0,0,0.5,45,0
RDP240X,HAIFEI (GEDING),LCoS (Amplitude),AR/HMD,C,Dec-27,0,0,0,0.5,45,22.5
RDP240X,HAIFEI (RAYPAI),LCoS (Amplitude),AR/HMD,C,Jan-26,0.03,70,2.1,0.03,70,2.1
RDP240X,HAIFEI (RAYPAI),LCoS (Amplitude),AR/HMD,C,Jun-26,0.5,36,18,1,36,36
RDP240X,HAIFEI (RAYPAI),LCoS (Amplitude),AR/HMD,C,Sep-26,1,36,36,2,36,72
RDP240X,HAIFEI (RAYPAI),LCoS (Amplitude),AR/HMD,C,Dec-26,2,36,72,2,36,72
RDP240X,HAIFEI (RAYPAI),LCoS (Amplitude),AR/HMD,C,Jan-27,0,0,0,0.03,70,2.1
RDP240X,HAIFEI (RAYPAI),LCoS (Amplitude),AR/HMD,C,Feb-27,1,36,36,0,0,0
RDP240X,HAIFEI (RAYPAI),LCoS (Amplitude),AR/HMD,C,Apr-27,0,0,0,0.1,70,7
RDP240X,HAIFEI (RAYPAI),LCoS (Amplitude),AR/HMD,C,Jun-27,1,36,36,1,36,0
RDP240X,HAIFEI (RAYPAI),LCoS (Amplitude),AR/HMD,C,Sep-27,2,36,72,2,36,72
RDP240X,HAIFEI (RAYPAI),LCoS (Amplitude),AR/HMD,C,Dec-27,2,36,72,2,36,72
RDP240X,RIVET,LCoS (Amplitude),AR/HMD,US,Mar-26,0,0,0,0.6,53,31.799999999999997
RDP240X,RIVET,LCoS (Amplitude),AR/HMD,US,Apr-26,0.6,53,31.799999999999997,1,50,50
RDP240X,RIVET,LCoS (Amplitude),AR/HMD,US,Jul-26,0,0,0,1,53,53
RDP240X,RIVET,LCoS (Amplitude),AR/HMD,US,Aug-26,0,0,0,1.6,50,80
RDP240X,RIVET,LCoS (Amplitude),AR/HMD,US,Oct-26,1,53,53,0,0,0
RDP240X,RIVET,LCoS (Amplitude),AR/HMD,US,Apr-27,0,0,0,1,50,50
RDP240X,RIVET,LCoS (Amplitude),AR/HMD,US,Jul-27,1,53,53,0,0,0
RDP240X,RIVET,LCoS (Amplitude),AR/HMD,US,Aug-27,0,0,0,1.6,50,80
P13X,TOTAL,LCoS (Amplitude),AR/HMD,,Apr-26,0.1,72,7.2,0.1,72,7.2
P13X,TOTAL,LCoS (Amplitude),AR/HMD,,May-26,0.1,72,7.2,0.1,72,7.2
P13X,TOTAL,LCoS (Amplitude),AR/HMD,,Jun-26,0.1,72,7.2,0.1,72,7.2
P13X,TOTAL,LCoS (Amplitude),AR/HMD,,Jul-26,0.3,72,21.599999999999998,0.2,72,14.4
P13X,TOTAL,LCoS (Amplitude),AR/HMD,,Aug-26,0.3,72,21.599999999999998,0.2,72,14.4
P13X,TOTAL,LCoS (Amplitude),AR/HMD,,Sep-26,0.3,72,21.599999999999998,0.2,72,14.4
P13X,TOTAL,LCoS (Amplitude),AR/HMD,,Oct-26,0.5,72,36,0.2,72,14.4
P13X,TOTAL,LCoS (Amplitude),AR/HMD,,Nov-26,0.5,72,36,0.2,72,14.4
P13X,TOTAL,LCoS (Amplitude),AR/HMD,,Dec-26,0.5,72,36,0.2,72,14.4
P13X,TOTAL,LCoS (Amplitude),AR/HMD,,Jan-27,2,72,144,0.2,27,5.4
P13X,TOTAL,LCoS (Amplitude),AR/HMD,,Feb-27,2,72,144,0.3,27,8.1
P13X,TOTAL,LCoS (Amplitude),AR/HMD,,Mar-27,0.2,72,14.4,0.3,27,8.1
P13X,TOTAL,LCoS (Amplitude),AR/HMD,,Apr-27,1,25,25,2,27,54
P13X,TOTAL,LCoS (Amplitude),AR/HMD,,May-27,1,25,25,2,27,54
P13X,TOTAL,LCoS (Amplitude),AR/HMD,,Jun-27,1,25,25,3,27,81
P13X,TOTAL,LCoS (Amplitude),AR/HMD,,Jul-27,2,25,50,3,27,81
P13X,TOTAL,LCoS (Amplitude),AR/HMD,,Aug-27,2,25,50,4,27,108
P13X,TOTAL,LCoS (Amplitude),AR/HMD,,Sep-27,2,25,50,4,27,108
P13X,TOTAL,LCoS (Amplitude),AR/HMD,,Oct-27,3,25,75,0,0,0
P13X,TOTAL,LCoS (Amplitude),AR/HMD,,Nov-27,3,25,75,0,0,0
P13X,TOTAL,LCoS (Amplitude),AR/HMD,,Dec-27,3,25,75,0,0,0
P13X,AVEGANT,LCoS (Amplitude),AR/HMD,US,Feb-26,0,0,0,0.09,72,6.4799999999999995
P13X,AVEGANT,LCoS (Amplitude),AR/HMD,US,Mar-26,0.03,72,2.16,0.03,72,2.16
P13X,AVEGANT,LCoS (Amplitude),AR/HMD,US,Apr-26,0.02,72,1.44,0.3,28,8.4
P13X,AVEGANT,LCoS (Amplitude),AR/HMD,US,May-26,0.2,28,5.6000000000000005,0.3,28,8.4
P13X,AVEGANT,LCoS (Amplitude),AR/HMD,US,Jun-26,0.8,28,22.400000000000002,0.4,28,11.200000000000001
P13X,AVEGANT,LCoS (Amplitude),AR/HMD,US,Jul-26,0.6,28,16.8,0.6,28,16.8
P13X,AVEGANT,LCoS (Amplitude),AR/HMD,US,Aug-26,0.7,28,19.599999999999998,0.7,28,19.599999999999998
P13X,AVEGANT,LCoS (Amplitude),AR/HMD,US,Sep-26,0.7,28,19.599999999999998,0.7,28,19.599999999999998
P13X,AVEGANT,LCoS (Amplitude),AR/HMD,US,Oct-26,0.7,28,19.599999999999998,0.7,28,19.599999999999998
P13X,AVEGANT,LCoS (Amplitude),AR/HMD,US,Nov-26,0.7,28,19.599999999999998,0.7,28,19.599999999999998
P13X,AVEGANT,LCoS (Amplitude),AR/HMD,US,Dec-26,0.7,28,19.599999999999998,0.7,28,19.599999999999998
P13X,AVEGANT,LCoS (Amplitude),AR/HMD,US,Jan-27,0.7,25,17.5,0,0,0
P13X,AVEGANT,LCoS (Amplitude),AR/HMD,US,Feb-27,0.7,25,17.5,0,0,0
P13X,AVEGANT,LCoS (Amplitude),AR/HMD,US,Mar-27,0.5,25,12.5,0.2,72,14.4
P13X,AVEGANT,LCoS (Amplitude),AR/HMD,US,May-27,0.25,25,6.25,0,0,0
P13X,AVEGANT,LCoS (Amplitude),AR/HMD,US,Jun-27,0.25,25,6.25,0.3,72,21.599999999999998
P13X,AVEGANT,LCoS (Amplitude),AR/HMD,US,Aug-27,0.25,25,6.25,0,0,0
P13X,AVEGANT,LCoS (Amplitude),AR/HMD,US,Sep-27,0.25,25,6.25,0.5,72,36
P13X,AVEGANT,LCoS (Amplitude),AR/HMD,US,Oct-27,0.5,25,12.5,0,0,0
P13X,AVEGANT,LCoS (Amplitude),AR/HMD,US,Nov-27,0.5,25,12.5,0,0,0
P13X,AVEGANT,LCoS (Amplitude),AR/HMD,US,Dec-27,0.5,25,12.5,0,0,0
P13X,QUANTA,LCoS (Amplitude),AR/HMD,TW,Sep-26,0.1,72,7.2,0,0,0
P13X,QUANTA,LCoS (Amplitude),AR/HMD,TW,Jan-27,0.5,72,36,0,0,0
P13X,HAIFEI (HUAWEI),LCoS (Amplitude),AR/HMD,C,Apr-27,0,0,0,0.1,42,4.2
P13X,HAIFEI (HUAWEI),LCoS (Amplitude),AR/HMD,C,Sep-27,0,0,0,0.5,42,21
P13X,HAIFEI (HUAWEI),LCoS (Amplitude),AR/HMD,C,Dec-27,0,0,0,0.5,42,21
P13X,GOERTEK,LCoS (Amplitude),AR/HMD,C,Apr-27,0,0,0,0.05,64,3.2
P13X,GOERTEK,LCoS (Amplitude),AR/HMD,C,Sep-27,0,0,0,0.5,35,17.5
P13X,GOERTEK,LCoS (Amplitude),AR/HMD,C,Dec-27,0,0,0,0.5,35,17.5
P13X,HAIFEI (RAYPAI),LCoS (Amplitude),AR/HMD,C,Jul-27,0,0,0,0.1,70,7
P13X,HAIFEI (RAYPAI),LCoS (Amplitude),AR/HMD,C,Nov-27,0,0,0,0.5,70,35
RDP551FACZJ,JVC KENWOOD (FINISAR),LCoS (Phase),TELECOM,J,Jul-26,0.2,1986,397.20000000000005,0.2,1986,397.20000000000005
RDP551FACZJ,JVC KENWOOD (FINISAR),LCoS (Phase),TELECOM,J,Jul-27,0,0,0,0.2,1986,397.20000000000005
RDP551FACZ,HAIFEI (HUAWEI),LCoS (Amplitude),AR/HMD,C,Jul-26,0.025,1860,46.5,0.025,1860,46.5
RDP551FACZ,HAIFEI (HUAWEI),LCoS (Amplitude),AR/HMD,C,Jul-27,0.025,1860,46.5,0.025,1860,46.5
RDP552F,TAIZHOU GUANYU TECH,LCoS (Amplitude),AR/HMD,C,Mar-26,0,0,0,0.025,2400,60
RDP552FNE,TAIZHOU GUANYU TECH,microOLED,AR/HMD,K,Mar-26,0.025,2400,60,0,0,0
RDP1000XNP,ETRI,microOLED,AR/HMD,K,Sep-26,0.025,2142,53.550000000000004,0,0,0
RDP1000XNP,ETRI,microOLED,AR/HMD,K,Jul-27,0.025,2142,53.550000000000004,0,0,0
RDP1000XNP,SHARP,microLED,AR/HMD,J,May-26,0,0,0,0.075,4200,315
RDP1000XNP,SHARP,microLED,AR/HMD,J,May-27,0,0,0,0.075,4200,315
RDP1000XNE,TAIZHOU GUANYU TECH,microOLED,AR/HMD,TW,Jan-26,0.025,2300,57.5,0,0,0
EV KIT,OTHERS,LCoS (Amplitude),AR/HMD,,Jan-26,0,0,0,0.005,3500,17.5
EV KIT,OTHERS,LCoS (Amplitude),AR/HMD,,Mar-26,0,0,0,0.005,3500,17.5
EV KIT,OTHERS,LCoS (Amplitude),AR/HMD,,Feb-26,0,0,0,0.005,3500,17.5
EV KIT,OTHERS,LCoS (Amplitude),AR/HMD,,Apr-26,0.005,3500,17.5,0.005,3500,17.5
EV KIT,OTHERS,LCoS (Amplitude),AR/HMD,,May-26,0.005,3500,17.5,0.005,3500,17.5
EV KIT,OTHERS,LCoS (Amplitude),AR/HMD,,Jun-26,0.005,3500,17.5,0.005,3500,17.5
EV KIT,OTHERS,LCoS (Amplitude),AR/HMD,,Jul-26,0.005,3500,17.5,0.005,3500,17.5
EV KIT,OTHERS,LCoS (Amplitude),AR/HMD,,Aug-26,0.005,3500,17.5,0.005,3500,17.5
EV KIT,OTHERS,LCoS (Amplitude),AR/HMD,,Sep-26,0.005,3500,17.5,0.005,3500,17.5
EV KIT,OTHERS,LCoS (Amplitude),AR/HMD,,Oct-26,0.005,3500,17.5,0.005,3500,17.5
EV KIT,OTHERS,LCoS (Amplitude),AR/HMD,,Nov-26,0.005,3500,17.5,0.005,3500,17.5
EV KIT,OTHERS,LCoS (Amplitude),AR/HMD,,Dec-26,0.005,3500,17.5,0.005,3500,17.5
EV KIT,OTHERS,LCoS (Amplitude),AR/HMD,,Jan-27,0.005,3500,17.5,0.005,3500,17.5
EV KIT,OTHERS,LCoS (Amplitude),AR/HMD,,Feb-27,0.005,3500,17.5,0.005,3500,17.5
EV KIT,OTHERS,LCoS (Amplitude),AR/HMD,,Mar-27,0.005,3500,17.5,0.005,3500,17.5
EV KIT,OTHERS,LCoS (Amplitude),AR/HMD,,Apr-27,0.005,3500,17.5,0.005,3500,17.5
EV KIT,OTHERS,LCoS (Amplitude),AR/HMD,,May-27,0.005,3500,17.5,0.005,3500,17.5
EV KIT,OTHERS,LCoS (Amplitude),AR/HMD,,Jun-27,0.005,3500,17.5,0.005,3500,17.5
EV KIT,OTHERS,LCoS (Amplitude),AR/HMD,,Jul-27,0.005,3500,17.5,0.005,3500,17.5
EV KIT,OTHERS,LCoS (Amplitude),AR/HMD,,Aug-27,0.005,3500,17.5,0.005,3500,17.5
EV KIT,OTHERS,LCoS (Amplitude),AR/HMD,,Sep-27,0.005,3500,17.5,0.005,3500,17.5
EV KIT,OTHERS,LCoS (Amplitude),AR/HMD,,Oct-27,0.005,3500,17.5,0.005,3500,17.5
EV KIT,OTHERS,LCoS (Amplitude),AR/HMD,,Nov-27,0.005,3500,17.5,0.005,3500,17.5
EV KIT,OTHERS,LCoS (Amplitude),AR/HMD,,Dec-27,0.005,3500,17.5,0.005,3500,17.5
OE VISION (bino),MEDITHINQ,LCoS (Amplitude),AR/HMD,K,Jun-26,0.192,980,188.16,0.192,980,188.16
OE VISION (bino),MEDITHINQ,LCoS (Amplitude),AR/HMD,K,Aug-26,0.192,980,188.16,0.228,980,223.44
OE VISION (bino),MEDITHINQ,LCoS (Amplitude),AR/HMD,K,Nov-26,0.192,980,188.16,0.192,980,188.16
OE VISION (bino),MEDITHINQ,LCoS (Amplitude),AR/HMD,K,Mar-27,0,0,0,0.192,980,188.16
OE VISION (bino),MEDITHINQ,LCoS (Amplitude),AR/HMD,K,May-27,0.192,980,188.16,0.192,980,188.16
OE VISION (bino),MEDITHINQ,LCoS (Amplitude),AR/HMD,K,Jun-27,0,0,0,0.228,980,223.44
OE VISION (bino),MEDITHINQ,LCoS (Amplitude),AR/HMD,K,Aug-27,0.192,980,188.16,0.228,980,223.44
OE VISION (bino),MEDITHINQ,LCoS (Amplitude),AR/HMD,K,Nov-27,0.192,980,188.16,0,0,0
MAXIMUS-M (mono),MAXLOGIC,LCoS (Amplitude),AR/HMD,K,Jan-26,0.016,743,11.888,0.016,743,11.888
MAXIMUS-M,NF,LCoS (Amplitude),AR/HMD,,Apr-26,0,0,0,0.1,700,70
MAXIMUS-M,NF,LCoS (Amplitude),AR/HMD,,May-26,0,0,0,0.1,700,70
MAXIMUS-M,NF,LCoS (Amplitude),AR/HMD,,Jun-26,0,0,0,0.1,700,70
MAXIMUS-M,NF,LCoS (Amplitude),AR/HMD,,Jul-26,0.1,700,70,0.1,700,70
MAXIMUS-M,NF,LCoS (Amplitude),AR/HMD,,Aug-26,0.1,700,70,0.1,700,70
MAXIMUS-M,NF,LCoS (Amplitude),AR/HMD,,Sep-26,0.1,700,70,0.1,700,70
MAXIMUS-M,NF,LCoS (Amplitude),AR/HMD,,Oct-26,0.1,700,70,0.1,700,70
MAXIMUS-M,NF,LCoS (Amplitude),AR/HMD,,Nov-26,0.1,700,70,0.1,700,70
MAXIMUS-M,NF,LCoS (Amplitude),AR/HMD,,Dec-26,0.1,700,70,0.1,700,70
MAXIMUS-M,NF,LCoS (Amplitude),AR/HMD,,Feb-27,0,0,0,0.1,700,70
MAXIMUS-M,NF,LCoS (Amplitude),AR/HMD,,Mar-27,0,0,0,0.1,700,70
MAXIMUS-M,NF,LCoS (Amplitude),AR/HMD,,Apr-27,0,0,0,0.2,700,140
MAXIMUS-M,NF,LCoS (Amplitude),AR/HMD,,May-27,0,0,0,0.2,700,140
MAXIMUS-M,NF,LCoS (Amplitude),AR/HMD,,Jun-27,0,0,0,0.2,700,140
MAXIMUS-M,NF,LCoS (Amplitude),AR/HMD,,Jul-27,0.1,700,70,0.3,700,210
MAXIMUS-M,NF,LCoS (Amplitude),AR/HMD,,Aug-27,0.1,700,70,0.3,700,210
MAXIMUS-M,NF,LCoS (Amplitude),AR/HMD,,Sep-27,0.1,700,70,0.3,700,210
MAXIMUS-M,NF,LCoS (Amplitude),AR/HMD,,Oct-27,0.1,700,70,0,0,0
MAXIMUS-M,NF,LCoS (Amplitude),AR/HMD,,Nov-27,0.1,700,70,0,0,0
MAXIMUS-M,NF,LCoS (Amplitude),AR/HMD,,Dec-27,0.1,700,70,0,0,0
RDP690EV,ENVISICS,LCoS (phase),Automotive,EU,Feb-26,0,0,0,0.012,1251.33,15.01596
RDP690EV,ENVISICS,LCoS (phase),Automotive,EU,Jun-26,0.012,1251.33,15.01596,0,0,0
RDP690EV,ENVISICS,LCoS (phase),Automotive,EU,Jul-26,0,0,0,0.025,1790,44.75
RDP690EV,ENVISICS,LCoS (phase),Automotive,EU,Dec-26,0,0,0,0.05,1790,89.5
RDP690EV,ENVISICS,LCoS (phase),Automotive,EU,Feb-27,0,0,0,0.05,1790,89.5
RDP690EV,ENVISICS,LCoS (phase),Automotive,EU,Jun-27,0,0,0,0.05,1790,89.5
RDP690EV,ENVISICS,LCoS (phase),Automotive,EU,Jul-27,0.025,1790,44.75,0,0,0
RDP690EV,ENVISICS,LCoS (phase),Automotive,EU,Sep-27,0,0,0,0.1,1790,179
RDP690EV,ENVISICS,LCoS (phase),Automotive,EU,Dec-27,0.05,1790,89.5,0,0,0
RDPC340XCATN,QUANTA,LCoS (Amplitude),AR/HMD,T,Mar-26,0.5,47,23.5,0.5,47,23.5
RDPC340XCATN,QUANTA,LCoS (Amplitude),AR/HMD,T,Apr-26,0.5,47,23.5,0.5,47,23.5
RDPC340XCATN,QUANTA,LCoS (Amplitude),AR/HMD,T,Jul-26,1,47,47,2,49,98
RDPC340XCATN,QUANTA,LCoS (Amplitude),AR/HMD,T,Sep-26,1,47,47,2,49,98
RDPC340XCATN,QUANTA,LCoS (Amplitude),AR/HMD,T,Nov-26,1,47,47,2,47,94
RDPC340XCATN,QUANTA,LCoS (Amplitude),AR/HMD,T,Jan-27,1,47,47,0,0,0
RDPC340XCATN,QUANTA,LCoS (Amplitude),AR/HMD,T,Mar-27,0.5,47,23.5,0.5,47,23.5
RDPC340XCATN,QUANTA,LCoS (Amplitude),AR/HMD,T,Apr-27,0.5,47,23.5,0.5,47,23.5
RDPC340XCATN,QUANTA,LCoS (Amplitude),AR/HMD,T,Jul-27,1,47,47,2,49,98
RDPC340XCATN,QUANTA,LCoS (Amplitude),AR/HMD,T,Sep-27,1,47,47,2,49,98
RDPC340XCATN,QUANTA,LCoS (Amplitude),AR/HMD,T,Nov-27,1,47,47,2,47,94
P39E,ENVISICS (MIZAR),LCoS (Amplitude),AR/HMD,T,Feb-26,0,0,0,0,0,260
P39E,ENVISICS (MIZAR),LCoS (Amplitude),AR/HMD,T,Mar-26,0,0,250,0,0,250
P39E,ENVISICS (MIZAR),LCoS (Amplitude),AR/HMD,T,Apr-26,0,0,260,0,0,260
P39E,ENVISICS (MIZAR),LCoS (Amplitude),AR/HMD,T,May-26,0,0,950,0,0,950
P39E,ENVISICS (MIZAR),LCoS (Amplitude),AR/HMD,T,Jun-26,0,0,100,0,0,100
P39E,ENVISICS (MIZAR),LCoS (Amplitude),AR/HMD,T,Sep-26,0,0,100,0,0,100
P39E,ENVISICS (MIZAR),LCoS (Amplitude),AR/HMD,T,Dec-26,0,0,300,0,0,300
P39E,ENVISICS (MIZAR),LCoS (Amplitude),AR/HMD,T,Feb-27,0,0,180,0,0,180
P39E,ENVISICS (MIZAR),LCoS (Amplitude),AR/HMD,T,Nov-27,0,0,200,0,0,200
LCoS,NF (INMERSIA),CONTRACT,AR/HMD,EU,Mar-26,0,0,0,0,0,1960
LCoS,NF (INMERSIA),CONTRACT,AR/HMD,EU,Apr-26,0,0,1200,0,0,0
LCoS,NF (INMERSIA),CONTRACT,AR/HMD,EU,Sep-26,0,0,900,0,0,1470
LCoS,NF (INMERSIA),CONTRACT,AR/HMD,EU,Jan-27,0,0,900,0,0,1470
microOLED,NF (MICRO OLED),microOLED,AR/HMD,EU,Apr-26,0,0,1040,0,0,1680
microOLED,NF (MICRO OLED),microOLED,AR/HMD,EU,Oct-26,0,0,780,0,0,1260
microOLED,NF (MICRO OLED),microOLED,AR/HMD,EU,Feb-27,0,0,780,0,0,1260
RDP690 (LCoS),ENVISICS (panel),LCoS (Phase),Automotive,EU,May-26,0,0,300,0,0,300
RDP690 (LCoS),ENVISICS (panel),LCoS (Phase),Automotive,EU,Jul-26,0,0,200,0,0,200
RDP690 (LCoS),ENVISICS (panel),LCoS (Phase),Automotive,EU,Mar-27,0,0,0,0,0,200
LCoS,META (P24 PCB custom.),microLED,AR/HMD,J,Feb-26,0,0,0,0,0,130
LCoS,META (P24 PCB custom.),microLED,AR/HMD,J,Apr-26,0,0,50,0,0,50
LCoS,META (P24 PCB custom.),microLED,AR/HMD,J,May-26,0,0,100,0,0,100
LCoS,META (P24 PCB custom.),microLED,AR/HMD,J,Jun-26,0,0,70,0,0,70
SDC (M-FAB),S-GLASS2,M-FAB,M-FAB,K,Mar-26,0.006,550,3.3000000000000003,0.01,550,5.5
SDC (M-FAB),S-GLASS2,M-FAB,M-FAB,K,May-26,0.01,550,5.5,0.01,550,5.5
SDC (M-FAB),S-GLASS2,M-FAB,M-FAB,K,Jul-26,0.01,550,5.5,0.01,550,5.5
SDC (M-FAB),S-GLASS2,M-FAB,M-FAB,K,Sep-26,0.01,550,5.5,0.01,550,5.5
SDC (M-FAB),S-GLASS2,M-FAB,M-FAB,K,Nov-26,0.01,550,5.5,0.01,550,5.5
SDC (M-FAB),Handling charge,M-FAB,M-FAB,K,Mar-26,0.001,550,0.55,0,0,0